fecha,mercado,producto,precio_cop_kg
2026-08-03,"BOGOTÁ, D.C.",Papa negra*,1900
2026-08-04,"BOGOTÁ, D.C.",Papa negra*,1875
2026-08-05,"BOGOTÁ, D.C.",Papa negra*,2075
2026-08-06,"BOGOTÁ, D.C.",Papa negra*,2200
2026-08-10,"BOGOTÁ, D.C.",Papa negra*,2213
2026-08-11,"BOGOTÁ, D.C.",Papa negra*,2338
2026-08-12,"BOGOTÁ, D.C.",Papa negra*,2300
2026-08-13,"BOGOTÁ, D.C.",Papa negra*,2200
2026-08-14,"BOGOTÁ, D.C.",Papa negra*,2200
2026-08-17,"BOGOTÁ, D.C.",Papa negra*,1963
2026-08-18,"BOGOTÁ, D.C.",Papa negra*,2183
2026-08-19,"BOGOTÁ, D.C.",Papa negra*,2100
2026-08-20,"BOGOTÁ, D.C.",Papa negra*,2225
2026-08-21,"BOGOTÁ, D.C.",Papa negra*,2325
2026-08-24,"BOGOTÁ, D.C.",Papa negra*,2483
2026-08-25,"BOGOTÁ, D.C.",Papa negra*,2338
2026-08-26,"BOGOTÁ, D.C.",Papa negra*,2525
2026-08-27,"BOGOTÁ, D.C.",Papa negra*,2625
2026-08-28,"BOGOTÁ, D.C.",Papa negra*,2550
2026-08-31,"BOGOTÁ, D.C.",Papa negra*,2600
