art_id,articulo,mercados_precio,semanas_precio,precio_mediano,mercados_abastecimiento,meses_abastecimiento,unidad_sugerida
6101,Aceite de palma,5,51,7049.0,,,litro
338,Aceite girasol,11,51,15683.0,,,litro
339,Aceite soya,6,51,8900.0,,,litro
340,Aceite vegetal mezcla,26,51,9815.0,,,litro
511,Aceites,,,,31,56,litro
1,Acelga,18,51,2095.0,30,56,kg
6225,Agua envasada,,,,26,42,kg
6221,Aguacate Choquette,7,51,7500.0,26,42,kg
89,Aguacate Hass,12,51,6179.5,27,56,kg
88,Aguacate común,14,51,6983.0,33,56,kg
90,Aguacate papelillo,33,51,9825.0,33,56,kg
529,Aguacates otros,,,,31,56,kg
57,Ahuyama,30,51,1420.0,33,56,kg
74,Ahuyamín (Sakata),15,51,1600.0,,,kg
60,Ajo,17,51,7750.0,34,56,kg
61,Ajo importado,27,51,6542.0,,,kg
58,Ají topito dulce,4,51,3895.0,26,57,kg
283,Alas de pollo con costillar,21,51,8225.0,,,kg
284,Alas de pollo sin costillar,10,51,10500.0,,,kg
298,Almejas con concha,6,51,8667.0,,,kg
299,Almejas sin concha,4,51,18333.0,,,kg
2,Apio,33,51,1674.0,34,57,kg
407,Arracacha,,,,32,56,kg
195,Arracacha amarilla,20,51,3350.0,,,kg
196,Arracacha blanca,11,51,2581.0,,,kg
433,Arroz,,,,31,56,kg
560,Arroz blanco importado,1,51,3628.0,,,kg
201,Arroz de primera,33,51,3533.0,,,kg
202,Arroz de segunda,6,51,3111.5,,,kg
203,Arroz excelso,10,51,3670.0,,,kg
204,Arroz sopa cristal,4,51,2180.0,,,kg
205,Arveja amarilla seca importada,7,51,3749.0,,,kg
206,Arveja enlatada,5,51,13858.5,,,kg
416,Arveja seca importada,,,,27,54,kg
36,Arveja verde en vaina,33,51,5157.0,31,56,kg
38,Arveja verde en vaina pastusa,7,51,4565.0,,,kg
207,Arveja verde seca importada,26,51,4133.0,,,kg
6764,Arándano,10,29,52333.0,,,kg
466,Atún en lata,,,,26,55,kg
549,Avena,,,,26,54,kg
349,Avena en hojuelas,25,51,9567.5,,,kg
350,Avena molida,20,51,11974.0,,,kg
469,Azúcar,,,,29,56,kg
346,Azúcar morena,16,51,3813.0,,,kg
347,Azúcar refinada,18,51,3644.0,,,kg
348,Azúcar sulfitada,23,51,3120.0,,,kg
91,Badea,1,25,3000.0,,,kg
450,Bagre,,,,22,56,kg
302,Bagre rayado en postas congelado,6,51,35000.0,,,kg
300,Bagre rayado entero congelado,9,51,30450.0,,,kg
301,Bagre rayado entero fresco,11,51,24500.0,,,kg
94,Banano Urabá,13,51,2292.0,24,56,kg
92,Banano bocadillo,5,51,2914.0,27,56,kg
93,Banano criollo,37,51,1880.0,33,56,kg
547,Basa,,,,24,56,kg
6044,"Basa, entero congelado importado",14,51,11300.0,,,kg
464,"Basa, filete congelado importado",8,51,13741.5,,,kg
552,Bebidas alcohólicas,,,,25,52,kg
483,Bebidas lácteas,,,,22,56,kg
374,Bebidas otras,,,,29,56,kg
62,Berenjena,9,51,3798.0,31,56,kg
304,Blanquillo entero fresco,2,51,18000.0,,,kg
452,Bocachico,,,,22,56,kg
305,Bocachico criollo fresco,8,51,22250.0,,,kg
306,Bocachico importado congelado,17,51,16500.0,,,kg
351,Bocadillo veleño,5,51,389.0,,,unidad
95,Borojó,6,51,7204.0,,,kg
96,Breva,3,51,5610.5,,,kg
3,Brócoli,25,51,2833.0,34,56,kg
453,Cachama,,,,23,56,kg
307,Cachama de cultivo fresca,12,51,11167.0,,,kg
470,Café,,,,26,56,kg
352,Café instantáneo,25,51,195000.0,,,kg
353,Café molido,29,51,52133.0,,,kg
63,Calabacín,8,51,1159.0,33,56,kg
64,Calabaza,5,51,1503.0,28,56,kg
308,Calamar anillos,9,51,33333.0,,,kg
309,Calamar blanco entero,8,51,18250.0,,,kg
455,Camarón,,,,21,55,kg
311,Camarón tigre precocido seco,8,51,35291.5,,,kg
312,Camarón tití precocido seco,7,51,28667.0,,,kg
313,Capaz Magdalena fresco,1,7,24000.0,,,kg
443,Carne de cerdo,,,,32,56,kg
269,Carne de cerdo en canal,6,51,13000.0,,,kg
270,"Carne de cerdo, brazo con hueso",11,51,15500.0,,,kg
271,"Carne de cerdo, brazo sin hueso",23,51,18112.5,,,kg
272,"Carne de cerdo, cabeza de lomo",10,51,18000.0,,,kg
274,"Carne de cerdo, costilla",28,51,20000.0,,,kg
275,"Carne de cerdo, espinazo",14,51,12000.0,,,kg
276,"Carne de cerdo, lomo con hueso",6,51,17667.0,,,kg
277,"Carne de cerdo, lomo sin hueso",27,51,21167.0,,,kg
278,"Carne de cerdo, pernil con hueso",13,51,17250.0,,,kg
279,"Carne de cerdo, pernil sin hueso",25,51,19000.0,,,kg
280,"Carne de cerdo, tocineta plancha",1,51,25500.0,,,kg
281,"Carne de cerdo, tocino barriga",13,51,19000.0,,,kg
282,"Carne de cerdo, tocino papada",14,51,16575.0,,,kg
445,Carne de pollo,,,,32,56,kg
440,Carne de res,,,,30,56,kg
257,Carne de res en canal,4,51,17800.0,,,kg
261,"Carne de res molida, murillo",6,51,22291.5,,,kg
252,"Carne de res, bola de brazo",20,51,32250.0,,,kg
253,"Carne de res, bola de pierna",28,51,31597.0,,,kg
254,"Carne de res, bota",18,51,30757.0,,,kg
249,"Carne de res, cadera",26,51,32000.0,,,kg
255,"Carne de res, centro de pierna",21,51,31000.0,,,kg
250,"Carne de res, chatas",25,51,40000.0,,,kg
256,"Carne de res, cogote",7,51,23750.0,,,kg
251,"Carne de res, costilla",24,51,21250.0,,,kg
258,"Carne de res, falda",22,51,26837.5,,,kg
259,"Carne de res, lomo de brazo",9,51,27750.0,,,kg
260,"Carne de res, lomo fino",25,51,46667.0,,,kg
262,"Carne de res, morrillo",21,51,27250.0,,,kg
263,"Carne de res, muchacho",27,51,32500.0,,,kg
264,"Carne de res, murillo",15,51,23750.0,,,kg
265,"Carne de res, paletero",12,51,28000.0,,,kg
266,"Carne de res, pecho",20,51,27675.0,,,kg
267,"Carne de res, punta de anca",27,51,39250.0,,,kg
268,"Carne de res, sobrebarriga",29,51,27500.0,,,kg
480,Carnes frias y embutidos,,,,28,56,kg
517,Carnes otras,,,,12,55,kg
314,Cazuela de mariscos (paquete),4,51,19500.0,,,kg
516,Cebolla Cabezona,,,,29,14,kg
18,Cebolla cabezona blanca,31,51,1984.5,32,43,kg
19,Cebolla cabezona blanca bogotana,5,51,1964.0,,,kg
21,Cebolla cabezona blanca importada,1,36,1979.0,,,kg
22,Cebolla cabezona blanca pastusa,3,51,1784.0,,,kg
24,Cebolla cabezona roja,15,51,2806.0,31,43,kg
28,Cebolla cabezona roja importada,7,51,2962.0,,,kg
26,Cebolla cabezona roja ocañera,1,37,2681.0,,,kg
27,Cebolla cabezona roja peruana,6,51,2971.0,,,kg
29,Cebolla junca,19,51,2577.0,33,57,kg
30,Cebolla junca Aquitania,14,51,2898.5,,,kg
31,Cebolla junca Berlín,6,51,2417.0,,,kg
33,Cebolla junca Tenerife,3,51,2844.0,,,kg
32,Cebolla junca pastusa,4,51,2567.0,,,kg
34,Cebolla puerro,6,51,4201.0,22,5,kg
35,Cebollín chino,1,51,4967.0,,,kg
444,Cerdo en pie,,,,2,56,kg
502,Cereales otros,,,,20,51,kg
404,Cereales para desayuno,,,,24,55,kg
431,Cervezas,,,,28,56,kg
395,Chocolate,,,,27,56,kg
354,Chocolate amargo,17,51,75595.0,,,kg
355,Chocolate dulce,19,51,32628.0,,,kg
356,Chocolate instantáneo,9,51,42104.0,,,kg
65,Chócolo mazorca,35,51,1466.0,34,56,kg
66,Cidra,8,51,1311.5,19,5,kg
4,Cilantro,41,51,4750.0,34,57,kg
97,Ciruela importada,5,51,17646.5,26,52,kg
417,Ciruela nacional,,,,31,56,kg
98,Ciruela roja,11,51,3333.0,,,kg
99,Coco,16,51,5100.0,33,56,kg
5,Coles,4,51,2020.0,,,kg
6,Coliflor,26,51,3592.0,34,56,kg
357,Color (bolsita),15,51,23333.0,,,kg
389,Condimentos,,,,28,55,kg
420,Confitería,,,,27,56,kg
381,Conservas y enlatados,,,,24,56,kg
315,"Corvina, filete congelado nacional",2,51,63333.0,,,kg
383,Cremas y sopas,,,,17,50,kg
208,Cuchuco de cebada,5,51,4160.0,,,kg
209,Cuchuco de maíz,14,51,2878.5,,,kg
100,Curuba,21,51,2894.0,34,56,kg
102,Durazno importado,3,35,15132.0,26,55,kg
103,Durazno nacional,10,51,5905.5,30,56,kg
7,Espinaca,22,51,3914.0,33,56,kg
104,Feijoa,4,42,4516.0,,,kg
105,Fresa,23,51,9922.0,34,56,kg
536,Frutas importadas otras,,,,24,52,kg
497,Frutas otras,,,,33,56,kg
435,Fríjol,,,,30,56,kg
220,Fríjol Uribe rosado,3,51,10460.0,,,kg
221,Fríjol Zaragoza,9,51,7900.0,,,kg
210,Fríjol bolón,11,51,15082.0,,,kg
211,Fríjol cabeza negra importado,3,51,6145.0,,,kg
212,Fríjol cabeza negra nacional,4,51,5525.0,,,kg
213,Fríjol calima,7,51,8000.0,,,kg
214,Fríjol cargamanto blanco,6,51,13275.0,,,kg
215,Fríjol cargamanto rojo,16,51,11750.0,,,kg
216,Fríjol enlatado,2,51,20950.0,,,kg
217,Fríjol nima calima,10,51,8640.0,,,kg
218,Fríjol palomito importado,4,51,7063.0,,,kg
219,Fríjol radical,5,51,8352.5,,,kg
525,Fríjol verde,,,,33,56,kg
39,Fríjol verde bolo,2,51,5294.0,,,kg
40,Fríjol verde cargamanto,23,51,4240.5,,,kg
41,Fríjol verde en vaina,17,51,5325.0,,,kg
358,Fécula de maíz,21,51,34842.0,,,kg
421,Galletas,,,,26,56,kg
359,Galletas dulces redondas con crema,13,51,24203.0,,,kg
360,Galletas saladas,31,51,18083.0,,,kg
447,Gallina en pie,,,,10,55,kg
436,Garbanzo,,,,23,55,kg
222,Garbanzo importado,18,51,6139.0,,,kg
376,Gaseosas y maltas,,,,30,56,kg
361,Gelatina,29,51,100967.0,,,kg
106,Granadilla,26,51,7959.5,32,56,kg
434,Granos Secos,,,,24,55,kg
548,Grasas,,,,26,55,kg
107,Guanábana,23,51,5968.0,34,57,kg
109,Guayaba Atlántico,1,51,2467.0,,,kg
108,Guayaba agria,7,51,4550.0,,,kg
110,Guayaba común,6,51,3276.0,25,43,kg
111,Guayaba manzana,4,51,5000.0,,,kg
112,Guayaba pera,37,51,2850.0,31,56,kg
6021,Guayaba pera valluna,1,51,3823.0,,,kg
532,Guayabas otras,,,,29,56,kg
113,Gulupa,6,51,3333.0,21,56,kg
42,Haba verde,9,51,1467.0,,,kg
43,Habichuela,41,51,3881.5,33,57,kg
44,Habichuela larga,1,51,4542.0,,,kg
362,Harina de trigo,34,51,2854.0,,,kg
363,Harina precocida de maíz,32,51,3475.0,,,kg
384,Harinas,,,,29,56,kg
6746,Hierbas aromáticas y medicinales,,,,24,5,kg
114,Higo,3,51,5510.0,,,kg
523,Hortalizas de hoja,,,,28,14,kg
439,Huevo,,,,32,56,unidad
242,Huevo blanco A,4,51,467.0,,,unidad
243,Huevo blanco AA,3,51,500.0,,,unidad
241,Huevo blanco B,1,50,400.0,,,unidad
244,Huevo blanco extra,2,51,550.0,,,unidad
246,Huevo rojo A,25,51,411.0,,,unidad
247,Huevo rojo AA,24,51,456.0,,,unidad
245,Huevo rojo B,12,51,358.0,,,unidad
248,Huevo rojo extra,15,51,522.0,,,unidad
505,Huevos otros,,,,9,52,unidad
6224,Jengibre,,,,28,42,kg
364,Jugo de frutas,8,51,9121.0,21,5,litro
365,Jugo instantáneo (sobre),26,51,86167.0,,,kg
115,Kiwi,19,51,16750.0,25,42,kg
316,Langostino 16-20,5,51,64333.0,,,kg
317,Langostino U12,3,49,73333.0,,,kg
438,Leche cruda,,,,8,56,kg
236,Leche en polvo,23,51,47790.0,28,55,kg
235,Leche pasteurizada UHT,,,,29,56,kg
8,Lechuga Batavia,41,51,1750.0,34,57,kg
6222,Lechuga crespa,,,,32,42,kg
10,Lechuga crespa verde,11,51,4000.0,,,kg
6223,Lechugas otras,,,,11,41,kg
437,Lenteja,,,,28,56,kg
224,Lenteja importada,36,51,5266.0,,,kg
81,Limón Tahití,32,51,2300.0,34,56,kg
76,Limón común,26,51,3600.0,34,56,kg
79,Limón común valluno,3,51,4056.0,,,kg
80,Limón mandarino,12,51,2083.0,32,56,kg
336,Lomitos de atún en lata,23,51,38021.0,,,kg
116,Lulo,39,51,5414.0,34,56,kg
504,Lácteos otros,,,,25,56,kg
82,Mandarina Arrayana,14,51,3778.0,29,56,kg
84,Mandarina Oneco,14,51,4127.5,27,56,kg
83,Mandarina común,15,51,3667.0,31,56,kg
526,Mandarinas otras,,,,18,52,kg
124,Mango Tommy,33,51,4100.0,34,56,kg
475,Mango Yulima,8,51,3333.0,29,55,kg
117,Mango común,8,51,2375.0,31,56,kg
119,Mango de azúcar,11,51,4375.0,31,56,kg
121,Mango manzano,7,51,3260.0,,,kg
123,Mango reina,2,29,1561.0,,,kg
539,Mangos otros,,,,32,56,kg
341,Manteca,16,51,9763.5,,,kg
533,Manzana importada,,,,32,56,kg
125,Manzana nacional,5,51,4023.0,27,56,kg
126,Manzana roja importada,32,51,8946.5,,,kg
127,Manzana royal gala importada,30,51,8396.0,,,kg
128,Manzana verde importada,35,51,9500.0,,,kg
133,Maracuyá,31,51,4917.0,34,57,kg
129,Maracuyá antioqueño,9,51,4944.0,,,kg
130,Maracuyá huilense,2,51,4683.5,,,kg
131,Maracuyá santandereano,2,50,4983.5,,,kg
132,Maracuyá valluno,1,2,6258.0,,,kg
342,Margarina,26,51,18100.0,,,kg
449,Mariscos otros,,,,17,52,kg
366,Mayonesa doy pack,28,51,18542.0,,,kg
234,Maíz Amarillo,,,,31,56,kg
545,Maíz Blanco,,,,28,56,kg
226,Maíz amarillo cáscara,10,51,1961.5,,,kg
559,Maíz amarillo cáscara importado,1,51,1375.0,,,kg
228,Maíz amarillo trillado,15,51,2400.0,,,kg
229,Maíz blanco cáscara,1,51,1775.0,,,kg
230,Maíz blanco retrillado,1,51,2293.0,,,kg
231,Maíz blanco trillado,29,51,2400.0,,,kg
232,Maíz enlatado,2,51,23256.0,,,kg
233,Maíz pira,12,51,3902.0,,,kg
534,Melón,,,,34,56,kg
134,Melón Cantalup,26,51,3550.0,,,kg
285,Menudencias de pollo,8,51,3600.0,,,kg
318,"Merluza, filete importado",3,51,22025.0,,,kg
319,"Merluza, filete nacional",3,49,60667.0,,,kg
460,Mojarra,,,,22,56,kg
321,Mojarra lora entera congelada,3,51,16667.0,,,kg
320,Mojarra lora entera fresca,5,51,12000.0,,,kg
535,Mora,,,,34,57,kg
135,Mora de Castilla,36,51,5281.5,,,kg
367,Mostaza doy pack,6,51,17229.0,,,kg
286,Muslos de pollo con rabadilla,1,51,7625.0,,,kg
287,Muslos de pollo sin rabadilla,9,51,11950.0,,,kg
5893,Naranja Sweet,14,51,1967.0,,,kg
86,Naranja Valencia,24,51,2187.0,,,kg
1813,Naranja Valencia y/o Sweet,,,,34,56,kg
85,Naranja común,16,51,1550.0,31,56,kg
527,Naranjas otras,,,,22,42,kg
461,Nicuro,,,,11,51,kg
322,Nicuro fresco,3,43,17500.0,,,kg
323,Palmitos de mar,4,51,15308.0,,,kg
468,Panela,,,,32,56,kg
343,Panela cuadrada blanca,15,51,4714.0,,,kg
344,Panela cuadrada morena,27,51,4895.0,,,kg
6013,Panela en pastilla,8,51,4200.0,,,kg
6640,Panela pulverizada,3,51,6235.0,,,kg
303,Panela redonda blanca,4,51,4575.0,,,kg
345,Panela redonda morena,18,51,4979.0,,,kg
5200,Papa Betina,1,12,603.5,25,56,kg
163,Papa ICA-Huila,2,51,1650.0,,,kg
164,Papa Morasurco,2,51,1538.0,8,51,kg
168,Papa Puracé,3,51,2092.0,,,kg
543,Papa R-12,,,,27,56,kg
169,Papa R-12 negra,4,42,1647.0,,,kg
170,Papa R-12 roja,1,23,977.0,,,kg
157,Papa capira,30,51,1822.5,27,56,kg
541,Papa criolla,,,,33,57,kg
159,Papa criolla limpia,45,51,4267.0,,,kg
161,Papa criolla sucia,9,51,2913.0,,,kg
165,Papa nevada,9,51,2702.0,17,56,kg
167,Papa parda pastusa,17,51,1700.0,30,56,kg
172,Papa rubí,6,51,1600.0,28,56,kg
173,Papa sabanera,1,51,3063.0,14,42,kg
162,Papa superior,15,51,1475.0,28,56,kg
175,Papa suprema,4,51,1590.0,24,55,kg
178,Papa tocarreña,1,51,2217.0,,,kg
179,Papa única,22,51,1402.0,31,57,kg
498,Papas negras otras,,,,19,56,kg
137,Papaya Maradol,25,51,2661.5,32,56,kg
6100,Papaya Paulina,11,51,1929.5,23,42,kg
136,Papaya hawaiana,,,,13,42,kg
6002,Papaya tainung,10,51,2467.0,25,56,kg
537,Papayas otras,,,,19,51,kg
520,Pargo rojo entero congelado,8,51,41750.0,,,kg
325,Pargo rojo platero,3,51,39667.0,,,kg
401,Pasabocas,,,,29,56,kg
369,Pastas alimenticias,33,51,7103.0,28,56,kg
140,Patilla,25,51,2263.0,33,56,kg
183,Patilla baby,9,51,2850.0,28,42,kg
288,Pechuga de pollo,30,51,15000.0,,,kg
67,Pepino cohombro,41,51,1933.0,32,57,kg
68,Pepino de rellenar,10,51,2958.0,25,56,kg
141,Pera importada,31,51,7919.0,29,56,kg
142,Pera nacional,11,51,2900.0,29,55,kg
11,Perejil,22,51,6583.0,31,56,kg
326,Pescado cabezas,7,51,10000.0,,,kg
6034,Pescado seco,,,,14,41,kg
457,Pescados de mar,,,,23,56,kg
451,Pescados de río,,,,19,52,kg
289,Pierna pernil con rabadilla,27,51,8533.0,,,kg
290,Pierna pernil sin rabadilla,6,51,11667.0,,,kg
291,Piernas de pollo,17,51,11400.0,,,kg
69,Pimentón,44,51,3565.0,32,57,kg
521,Pimentón verde,2,51,4863.0,,,kg
147,Pitahaya,12,51,11083.0,32,56,kg
144,Piña gold,31,51,3000.0,33,57,kg
145,Piña manzana,1,51,2425.0,,,kg
146,Piña perolera,11,51,2627.0,26,57,kg
538,Piñas otras,,,,18,56,kg
180,Plátano comino,2,51,1942.0,,,kg
181,Plátano dominico hartón maduro,3,51,2012.5,,,kg
182,Plátano dominico hartón verde,5,51,1941.0,,,kg
184,Plátano dominico verde,3,51,1375.0,,,kg
185,Plátano guineo,11,51,1163.0,32,56,kg
186,Plátano hartón maduro,10,51,2208.0,,,kg
187,Plátano hartón verde,37,51,2363.5,34,56,kg
486,Plátano hartón verde Eje Cafetero,1,51,2794.0,,,kg
188,Plátano hartón verde ecuatoriano,5,45,2115.5,,,kg
189,Plátano hartón verde llanero,1,51,4325.0,,,kg
499,Plátanos otros,,,,21,56,kg
446,Pollo en pie,,,,5,53,kg
293,Pollo entero congelado sin vísceras,11,51,9675.0,,,kg
295,Pollo entero fresco sin vísceras,13,51,11300.0,,,kg
514,Procesados otros,,,,29,56,kg
481,Productos de panaderia,,,,27,56,kg
522,Queso Caquetá,7,51,22667.0,,,kg
237,Queso campesino,20,51,20500.0,,,kg
238,Queso costeño,25,51,23000.0,23,56,kg
239,Queso cuajada,19,51,16900.0,,,kg
240,Queso doble crema,20,51,21667.0,,,kg
546,Quesos y cuajadas,,,,24,56,kg
296,Rabadillas de pollo,1,50,6400.0,,,kg
71,Remolacha,28,51,1969.5,33,57,kg
73,Remolacha bogotana,6,51,2167.0,,,kg
75,Remolacha regional,3,51,1563.0,,,kg
524,Repollo,,,,34,57,kg
12,Repollo blanco,32,51,1233.5,,,kg
13,Repollo blanco bogotano,2,51,1320.0,,,kg
15,Repollo morado,5,51,1667.0,,,kg
17,Repollo verde,8,51,1200.0,,,kg
441,Res en pie,,,,1,56,kg
70,Rábano rojo,9,51,5667.0,,,kg
327,"Róbalo, filete congelado",3,51,63333.0,,,kg
370,Sal yodada,34,51,2448.0,26,56,kg
328,"Salmón, filete congelado",10,51,57500.0,,,kg
371,Salsa de tomate doy pack,30,51,17963.0,,,kg
392,Salsas y aderezos,,,,28,56,kg
337,Sardinas en lata,25,51,17549.0,26,54,kg
329,Sierra entera congelada,14,51,24000.0,,,kg
372,Sopa de pollo (caja),3,50,25952.0,,,kg
87,Tangelo,11,51,3901.5,29,56,kg
448,Tilapia,,,,21,56,kg
331,Tilapia roja entera congelada,13,51,17667.0,,,kg
332,Tilapia roja entera fresca,16,51,14000.0,,,kg
297,"Tilapia, filete congelado",10,51,19333.0,,,kg
330,"Tilapia, lomitos",1,51,16825.0,,,kg
51,Tomate Riogrande,7,51,3159.5,17,57,kg
52,Tomate Riogrande bumangués,2,51,3580.0,,,kg
45,Tomate chonto,30,51,3457.0,34,57,kg
46,Tomate chonto regional,9,51,3125.0,,,kg
148,Tomate de árbol,46,51,3673.0,34,57,kg
48,Tomate larga vida,8,51,4352.0,25,56,kg
49,Tomate riñón,4,51,5000.0,,,kg
50,Tomate riñón valluno,2,51,6000.0,,,kg
495,Tomates otros,,,,28,56,kg
333,"Toyo blanco, filete congelado",1,51,15300.0,,,kg
467,Trucha,,,,19,55,kg
334,Trucha en corte mariposa,12,51,24691.5,,,kg
335,Trucha entera fresca,1,48,22333.0,,,kg
501,Tubérculos otros,,,,28,56,kg
496,Uchuva,,,,32,56,kg
149,Uchuva con cáscara,6,51,4950.0,,,kg
200,Ulluco,6,51,4000.0,13,56,kg
151,Uva Isabela,28,51,5180.0,33,56,kg
150,Uva importada,12,51,18484.0,29,56,kg
540,Uva nacional,,,,31,56,kg
153,Uva red globe nacional,17,51,10144.0,,,kg
154,Uva roja,9,51,9750.0,,,kg
155,Uva verde,8,51,12000.0,,,kg
492,Verduras y hortalizas otras,,,,34,56,kg
373,Vinagre,17,51,1847.0,,,litro
432,Yuca,,,,34,56,kg
193,Yuca ICA,16,51,2625.0,,,kg
191,Yuca chirosa,4,51,2979.0,,,kg
192,Yuca criolla,16,51,2643.0,,,kg
194,Yuca llanera,7,51,3083.0,,,kg
54,Zanahoria,27,51,1625.0,33,57,kg
55,Zanahoria bogotana,8,51,2065.0,,,kg
56,Zanahoria larga vida,14,51,1239.0,,,kg
156,Zapote,7,50,3467.5,30,40,kg
544,Ñame,,,,17,56,kg
197,Ñame criollo,3,43,2733.0,,,kg
198,Ñame diamante,4,51,2171.0,,,kg
199,Ñame espino,4,51,2538.0,,,kg
