art_id,articulo,producto,grupo_dane,unidad,distingue_por,en_canasta,nota
6101,Aceite de palma,Aceite,Productos procesados,litro,variedad,si,
338,Aceite girasol,Aceite,Productos procesados,litro,variedad,si,
339,Aceite soya,Aceite,Productos procesados,litro,variedad,si,
340,Aceite vegetal mezcla,Aceite,Productos procesados,litro,variedad,si,
511,Aceites,Aceite,Productos procesados,litro,variedad,si,
1,Acelga,Acelga,Verduras y hortalizas,kg,unico,si,
6225,Agua envasada,Agua envasada,Productos procesados,kg,unico,no,
6221,Aguacate Choquette,Aguacate,Frutas,kg,variedad,si,
89,Aguacate Hass,Aguacate,Frutas,kg,variedad,si,
88,Aguacate común,Aguacate,Frutas,kg,variedad,si,
90,Aguacate papelillo,Aguacate,Frutas,kg,variedad,si,
529,Aguacates otros,Aguacate,Frutas,kg,variedad,si,
57,Ahuyama,Ahuyama,Verduras y hortalizas,kg,unico,si,
74,Ahuyamín (Sakata),Ahuyamín,Verduras y hortalizas,kg,unico,no,"hibrido Sakata, distinto de la ahuyama comun"
60,Ajo,Ajo,Verduras y hortalizas,kg,origen,si,
61,Ajo importado,Ajo,Verduras y hortalizas,kg,origen,si,
58,Ají topito dulce,Ají,Verduras y hortalizas,kg,unico,no,
283,Alas de pollo con costillar,Pollo,Carnes,kg,presentacion,si,
284,Alas de pollo sin costillar,Pollo,Carnes,kg,presentacion,si,
298,Almejas con concha,Almeja,Pescados,kg,presentacion,no,
299,Almejas sin concha,Almeja,Pescados,kg,presentacion,no,
2,Apio,Apio,Verduras y hortalizas,kg,unico,si,
407,Arracacha,Arracacha,"Tubérculos, raíces y plátanos",kg,variedad,si,
195,Arracacha amarilla,Arracacha,"Tubérculos, raíces y plátanos",kg,variedad,si,
196,Arracacha blanca,Arracacha,"Tubérculos, raíces y plátanos",kg,variedad,si,
433,Arroz,Arroz,Granos y cereales,kg,variedad,si,
560,Arroz blanco importado,Arroz,Granos y cereales,kg,variedad,si,
201,Arroz de primera,Arroz,Granos y cereales,kg,variedad,si,
202,Arroz de segunda,Arroz,Granos y cereales,kg,variedad,si,
203,Arroz excelso,Arroz,Granos y cereales,kg,variedad,si,
204,Arroz sopa cristal,Arroz,Granos y cereales,kg,variedad,si,
205,Arveja amarilla seca importada,Arveja,Granos y cereales,kg,presentacion,si,
206,Arveja enlatada,Arveja,Granos y cereales,kg,presentacion,si,
416,Arveja seca importada,Arveja,Granos y cereales,kg,presentacion,si,
36,Arveja verde en vaina,Arveja,Granos y cereales,kg,presentacion,si,
38,Arveja verde en vaina pastusa,Arveja,Granos y cereales,kg,presentacion,si,
207,Arveja verde seca importada,Arveja,Granos y cereales,kg,presentacion,si,
6764,Arándano,Arándano,Frutas,kg,unico,no,
466,Atún en lata,Atún,Pescados,kg,procesado,si,
549,Avena,Avena,Granos y cereales,kg,presentacion,si,
349,Avena en hojuelas,Avena,Granos y cereales,kg,presentacion,si,
350,Avena molida,Avena,Granos y cereales,kg,presentacion,si,
469,Azúcar,Azúcar,Productos procesados,kg,variedad,si,
346,Azúcar morena,Azúcar,Productos procesados,kg,variedad,si,
347,Azúcar refinada,Azúcar,Productos procesados,kg,variedad,si,
348,Azúcar sulfitada,Azúcar,Productos procesados,kg,variedad,si,
91,Badea,Badea,Frutas,kg,unico,no,
450,Bagre,Bagre,Pescados,kg,presentacion,si,
302,Bagre rayado en postas congelado,Bagre,Pescados,kg,presentacion,si,
300,Bagre rayado entero congelado,Bagre,Pescados,kg,presentacion,si,
301,Bagre rayado entero fresco,Bagre,Pescados,kg,presentacion,si,
94,Banano Urabá,Banano,Frutas,kg,variedad,si,
92,Banano bocadillo,Banano,Frutas,kg,variedad,si,
93,Banano criollo,Banano,Frutas,kg,variedad,si,
547,Basa,Basa,Pescados,kg,presentacion,si,
6044,"Basa, entero congelado importado",Basa,Pescados,kg,presentacion,si,
464,"Basa, filete congelado importado",Basa,Pescados,kg,presentacion,si,
552,Bebidas alcohólicas,Bebidas alcohólicas,Productos procesados,kg,unico,no,
483,Bebidas lácteas,Bebidas lácteas,Huevos y lácteos,kg,unico,no,
374,Bebidas otras,Bebidas otras,Productos procesados,kg,unico,no,
62,Berenjena,Berenjena,Verduras y hortalizas,kg,unico,no,
304,Blanquillo entero fresco,Blanquillo,Pescados,kg,unico,no,
452,Bocachico,Bocachico,Pescados,kg,presentacion,si,
305,Bocachico criollo fresco,Bocachico,Pescados,kg,presentacion,si,
306,Bocachico importado congelado,Bocachico,Pescados,kg,presentacion,si,
351,Bocadillo veleño,Bocadillo,Productos procesados,unidad,unico,si,
95,Borojó,Borojó,Frutas,kg,unico,no,
96,Breva,Breva,Frutas,kg,unico,no,
3,Brócoli,Brócoli,Verduras y hortalizas,kg,unico,si,
453,Cachama,Cachama,Pescados,kg,presentacion,no,
307,Cachama de cultivo fresca,Cachama,Pescados,kg,presentacion,no,
470,Café,Café,Productos procesados,kg,presentacion,si,
352,Café instantáneo,Café,Productos procesados,kg,presentacion,si,
353,Café molido,Café,Productos procesados,kg,presentacion,si,
63,Calabacín,Calabacín,Verduras y hortalizas,kg,unico,no,
64,Calabaza,Calabaza,Verduras y hortalizas,kg,unico,no,
308,Calamar anillos,Calamar,Pescados,kg,presentacion,no,
309,Calamar blanco entero,Calamar,Pescados,kg,presentacion,no,
455,Camarón,Camarón,Pescados,kg,variedad,no,
311,Camarón tigre precocido seco,Camarón,Pescados,kg,variedad,no,
312,Camarón tití precocido seco,Camarón,Pescados,kg,variedad,no,
313,Capaz Magdalena fresco,Capaz,Pescados,kg,unico,no,confirmar nombre comun con el equipo
443,Carne de cerdo,Carne de cerdo,Carnes,kg,presentacion,si,
269,Carne de cerdo en canal,Carne de cerdo,Carnes,kg,presentacion,si,
270,"Carne de cerdo, brazo con hueso",Carne de cerdo,Carnes,kg,presentacion,si,
271,"Carne de cerdo, brazo sin hueso",Carne de cerdo,Carnes,kg,presentacion,si,
272,"Carne de cerdo, cabeza de lomo",Carne de cerdo,Carnes,kg,presentacion,si,
274,"Carne de cerdo, costilla",Carne de cerdo,Carnes,kg,presentacion,si,
275,"Carne de cerdo, espinazo",Carne de cerdo,Carnes,kg,presentacion,si,
276,"Carne de cerdo, lomo con hueso",Carne de cerdo,Carnes,kg,presentacion,si,
277,"Carne de cerdo, lomo sin hueso",Carne de cerdo,Carnes,kg,presentacion,si,
278,"Carne de cerdo, pernil con hueso",Carne de cerdo,Carnes,kg,presentacion,si,
279,"Carne de cerdo, pernil sin hueso",Carne de cerdo,Carnes,kg,presentacion,si,
280,"Carne de cerdo, tocineta plancha",Carne de cerdo,Carnes,kg,presentacion,si,
281,"Carne de cerdo, tocino barriga",Carne de cerdo,Carnes,kg,presentacion,si,
282,"Carne de cerdo, tocino papada",Carne de cerdo,Carnes,kg,presentacion,si,
445,Carne de pollo,Pollo,Carnes,kg,unico,si,
440,Carne de res,Carne de res,Carnes,kg,presentacion,si,
257,Carne de res en canal,Carne de res,Carnes,kg,presentacion,si,
261,"Carne de res molida, murillo",Carne de res,Carnes,kg,presentacion,si,
252,"Carne de res, bola de brazo",Carne de res,Carnes,kg,presentacion,si,
253,"Carne de res, bola de pierna",Carne de res,Carnes,kg,presentacion,si,
254,"Carne de res, bota",Carne de res,Carnes,kg,presentacion,si,
249,"Carne de res, cadera",Carne de res,Carnes,kg,presentacion,si,
255,"Carne de res, centro de pierna",Carne de res,Carnes,kg,presentacion,si,
250,"Carne de res, chatas",Carne de res,Carnes,kg,presentacion,si,
256,"Carne de res, cogote",Carne de res,Carnes,kg,presentacion,si,
251,"Carne de res, costilla",Carne de res,Carnes,kg,presentacion,si,
258,"Carne de res, falda",Carne de res,Carnes,kg,presentacion,si,
259,"Carne de res, lomo de brazo",Carne de res,Carnes,kg,presentacion,si,
260,"Carne de res, lomo fino",Carne de res,Carnes,kg,presentacion,si,
262,"Carne de res, morrillo",Carne de res,Carnes,kg,presentacion,si,
263,"Carne de res, muchacho",Carne de res,Carnes,kg,presentacion,si,
264,"Carne de res, murillo",Carne de res,Carnes,kg,presentacion,si,
265,"Carne de res, paletero",Carne de res,Carnes,kg,presentacion,si,
266,"Carne de res, pecho",Carne de res,Carnes,kg,presentacion,si,
267,"Carne de res, punta de anca",Carne de res,Carnes,kg,presentacion,si,
268,"Carne de res, sobrebarriga",Carne de res,Carnes,kg,presentacion,si,
480,Carnes frias y embutidos,Carnes frías y embutidos,Carnes,kg,unico,si,
517,Carnes otras,Carnes otras,Carnes,kg,unico,no,categoria residual de abastecimiento
314,Cazuela de mariscos (paquete),Mariscos,Pescados,kg,procesado,no,
516,Cebolla Cabezona,Cebolla cabezona,Verduras y hortalizas,kg,variedad,si,
18,Cebolla cabezona blanca,Cebolla cabezona,Verduras y hortalizas,kg,variedad,si,
19,Cebolla cabezona blanca bogotana,Cebolla cabezona,Verduras y hortalizas,kg,variedad,si,
21,Cebolla cabezona blanca importada,Cebolla cabezona,Verduras y hortalizas,kg,variedad,si,
22,Cebolla cabezona blanca pastusa,Cebolla cabezona,Verduras y hortalizas,kg,variedad,si,
24,Cebolla cabezona roja,Cebolla cabezona,Verduras y hortalizas,kg,variedad,si,
28,Cebolla cabezona roja importada,Cebolla cabezona,Verduras y hortalizas,kg,variedad,si,
26,Cebolla cabezona roja ocañera,Cebolla cabezona,Verduras y hortalizas,kg,variedad,si,
27,Cebolla cabezona roja peruana,Cebolla cabezona,Verduras y hortalizas,kg,variedad,si,
29,Cebolla junca,Cebolla junca,Verduras y hortalizas,kg,origen,si,
30,Cebolla junca Aquitania,Cebolla junca,Verduras y hortalizas,kg,origen,si,
31,Cebolla junca Berlín,Cebolla junca,Verduras y hortalizas,kg,origen,si,
33,Cebolla junca Tenerife,Cebolla junca,Verduras y hortalizas,kg,origen,si,
32,Cebolla junca pastusa,Cebolla junca,Verduras y hortalizas,kg,origen,si,
34,Cebolla puerro,Cebolla puerro,Verduras y hortalizas,kg,unico,no,
35,Cebollín chino,Cebollín,Verduras y hortalizas,kg,unico,no,
444,Cerdo en pie,Cerdo en pie,Carnes,kg,unico,no,"animal en pie, no es producto de canasta"
502,Cereales otros,Cereales otros,Granos y cereales,kg,unico,no,categoria residual de abastecimiento
404,Cereales para desayuno,Cereales para desayuno,Productos procesados,kg,unico,no,
431,Cervezas,Cervezas,Productos procesados,kg,unico,no,
395,Chocolate,Chocolate,Productos procesados,kg,presentacion,si,
354,Chocolate amargo,Chocolate,Productos procesados,kg,presentacion,si,
355,Chocolate dulce,Chocolate,Productos procesados,kg,presentacion,si,
356,Chocolate instantáneo,Chocolate,Productos procesados,kg,presentacion,si,
65,Chócolo mazorca,Chócolo,Granos y cereales,kg,unico,si,
66,Cidra,Cidra,Verduras y hortalizas,kg,unico,no,
4,Cilantro,Cilantro,Verduras y hortalizas,kg,unico,si,
97,Ciruela importada,Ciruela,Frutas,kg,origen,no,
417,Ciruela nacional,Ciruela,Frutas,kg,origen,no,
98,Ciruela roja,Ciruela,Frutas,kg,origen,no,
99,Coco,Coco,Frutas,kg,unico,si,
5,Coles,Coles,Verduras y hortalizas,kg,unico,no,
6,Coliflor,Coliflor,Verduras y hortalizas,kg,unico,si,
357,Color (bolsita),Color,Productos procesados,kg,unico,no,
389,Condimentos,Condimentos,Productos procesados,kg,unico,no,
420,Confitería,Confitería,Productos procesados,kg,unico,no,
381,Conservas y enlatados,Conservas y enlatados,Productos procesados,kg,unico,no,categoria residual de abastecimiento
315,"Corvina, filete congelado nacional",Corvina,Pescados,kg,presentacion,no,
383,Cremas y sopas,Cremas y sopas,Productos procesados,kg,unico,no,
208,Cuchuco de cebada,Cuchuco,Granos y cereales,kg,variedad,no,
209,Cuchuco de maíz,Cuchuco,Granos y cereales,kg,variedad,no,
100,Curuba,Curuba,Frutas,kg,unico,si,
102,Durazno importado,Durazno,Frutas,kg,origen,no,
103,Durazno nacional,Durazno,Frutas,kg,origen,no,
7,Espinaca,Espinaca,Verduras y hortalizas,kg,unico,si,
104,Feijoa,Feijoa,Frutas,kg,unico,no,
105,Fresa,Fresa,Frutas,kg,unico,si,
536,Frutas importadas otras,Frutas importadas otras,Frutas,kg,unico,no,categoria residual de abastecimiento
497,Frutas otras,Frutas otras,Frutas,kg,unico,no,categoria residual de abastecimiento
435,Fríjol,Fríjol,Granos y cereales,kg,variedad,si,
220,Fríjol Uribe rosado,Fríjol,Granos y cereales,kg,variedad,si,
221,Fríjol Zaragoza,Fríjol,Granos y cereales,kg,variedad,si,
210,Fríjol bolón,Fríjol,Granos y cereales,kg,variedad,si,
211,Fríjol cabeza negra importado,Fríjol,Granos y cereales,kg,variedad,si,
212,Fríjol cabeza negra nacional,Fríjol,Granos y cereales,kg,variedad,si,
213,Fríjol calima,Fríjol,Granos y cereales,kg,variedad,si,
214,Fríjol cargamanto blanco,Fríjol,Granos y cereales,kg,variedad,si,
215,Fríjol cargamanto rojo,Fríjol,Granos y cereales,kg,variedad,si,
216,Fríjol enlatado,Fríjol,Granos y cereales,kg,variedad,si,
217,Fríjol nima calima,Fríjol,Granos y cereales,kg,variedad,si,
218,Fríjol palomito importado,Fríjol,Granos y cereales,kg,variedad,si,
219,Fríjol radical,Fríjol,Granos y cereales,kg,variedad,si,
525,Fríjol verde,Fríjol,Granos y cereales,kg,variedad,si,
39,Fríjol verde bolo,Fríjol,Granos y cereales,kg,variedad,si,
40,Fríjol verde cargamanto,Fríjol,Granos y cereales,kg,variedad,si,
41,Fríjol verde en vaina,Fríjol,Granos y cereales,kg,variedad,si,
358,Fécula de maíz,Fécula de maíz,Productos procesados,kg,unico,si,
421,Galletas,Galletas,Productos procesados,kg,variedad,si,
359,Galletas dulces redondas con crema,Galletas,Productos procesados,kg,variedad,si,
360,Galletas saladas,Galletas,Productos procesados,kg,variedad,si,
447,Gallina en pie,Gallina en pie,Carnes,kg,unico,no,"animal en pie, no es producto de canasta"
436,Garbanzo,Garbanzo,Granos y cereales,kg,origen,si,
222,Garbanzo importado,Garbanzo,Granos y cereales,kg,origen,si,
376,Gaseosas y maltas,Gaseosas y maltas,Productos procesados,kg,unico,no,
361,Gelatina,Gelatina,Productos procesados,kg,unico,si,
106,Granadilla,Granadilla,Frutas,kg,unico,si,
434,Granos Secos,Granos secos,Granos y cereales,kg,unico,no,categoria residual de abastecimiento
548,Grasas,Grasas,Productos procesados,kg,unico,no,categoria residual de abastecimiento
107,Guanábana,Guanábana,Frutas,kg,unico,si,
109,Guayaba Atlántico,Guayaba,Frutas,kg,variedad,si,
108,Guayaba agria,Guayaba,Frutas,kg,variedad,si,
110,Guayaba común,Guayaba,Frutas,kg,variedad,si,
111,Guayaba manzana,Guayaba,Frutas,kg,variedad,si,
112,Guayaba pera,Guayaba,Frutas,kg,variedad,si,
6021,Guayaba pera valluna,Guayaba,Frutas,kg,variedad,si,
532,Guayabas otras,Guayaba,Frutas,kg,variedad,si,
113,Gulupa,Gulupa,Frutas,kg,unico,no,
42,Haba verde,Haba,Verduras y hortalizas,kg,unico,no,
43,Habichuela,Habichuela,Verduras y hortalizas,kg,presentacion,si,
44,Habichuela larga,Habichuela,Verduras y hortalizas,kg,presentacion,si,
362,Harina de trigo,Harina,Productos procesados,kg,variedad,si,
363,Harina precocida de maíz,Harina,Productos procesados,kg,variedad,si,
384,Harinas,Harina,Productos procesados,kg,variedad,si,
6746,Hierbas aromáticas y medicinales,Hierbas aromáticas,Verduras y hortalizas,kg,unico,no,
114,Higo,Higo,Frutas,kg,unico,no,
523,Hortalizas de hoja,Hortalizas de hoja,Verduras y hortalizas,kg,unico,no,categoria residual de abastecimiento
439,Huevo,Huevo,Huevos y lácteos,unidad,calidad,si,
242,Huevo blanco A,Huevo,Huevos y lácteos,unidad,calidad,si,
243,Huevo blanco AA,Huevo,Huevos y lácteos,unidad,calidad,si,
241,Huevo blanco B,Huevo,Huevos y lácteos,unidad,calidad,si,
244,Huevo blanco extra,Huevo,Huevos y lácteos,unidad,calidad,si,
246,Huevo rojo A,Huevo,Huevos y lácteos,unidad,calidad,si,
247,Huevo rojo AA,Huevo,Huevos y lácteos,unidad,calidad,si,
245,Huevo rojo B,Huevo,Huevos y lácteos,unidad,calidad,si,
248,Huevo rojo extra,Huevo,Huevos y lácteos,unidad,calidad,si,
505,Huevos otros,Huevo,Huevos y lácteos,unidad,calidad,si,
6224,Jengibre,Jengibre,Verduras y hortalizas,kg,unico,no,
364,Jugo de frutas,Jugo,Productos procesados,litro,presentacion,si,
365,Jugo instantáneo (sobre),Jugo,Productos procesados,kg,presentacion,si,
115,Kiwi,Kiwi,Frutas,kg,unico,no,
316,Langostino 16-20,Langostino,Pescados,kg,variedad,no,
317,Langostino U12,Langostino,Pescados,kg,variedad,no,
438,Leche cruda,Leche,Huevos y lácteos,kg,presentacion,si,
236,Leche en polvo,Leche,Huevos y lácteos,kg,presentacion,si,
235,Leche pasteurizada UHT,Leche,Huevos y lácteos,kg,presentacion,si,
8,Lechuga Batavia,Lechuga,Verduras y hortalizas,kg,variedad,si,
6222,Lechuga crespa,Lechuga,Verduras y hortalizas,kg,variedad,si,
10,Lechuga crespa verde,Lechuga,Verduras y hortalizas,kg,variedad,si,
6223,Lechugas otras,Lechuga,Verduras y hortalizas,kg,variedad,si,
437,Lenteja,Lenteja,Granos y cereales,kg,origen,si,
224,Lenteja importada,Lenteja,Granos y cereales,kg,origen,si,
81,Limón Tahití,Limón,Frutas,kg,variedad,si,
76,Limón común,Limón,Frutas,kg,variedad,si,
79,Limón común valluno,Limón,Frutas,kg,variedad,si,
80,Limón mandarino,Limón,Frutas,kg,variedad,si,
336,Lomitos de atún en lata,Atún,Pescados,kg,procesado,si,
116,Lulo,Lulo,Frutas,kg,unico,si,
504,Lácteos otros,Lácteos otros,Huevos y lácteos,kg,unico,no,categoria residual de abastecimiento
82,Mandarina Arrayana,Mandarina,Frutas,kg,variedad,si,
84,Mandarina Oneco,Mandarina,Frutas,kg,variedad,si,
83,Mandarina común,Mandarina,Frutas,kg,variedad,si,
526,Mandarinas otras,Mandarina,Frutas,kg,variedad,si,
124,Mango Tommy,Mango,Frutas,kg,variedad,si,
475,Mango Yulima,Mango,Frutas,kg,variedad,si,
117,Mango común,Mango,Frutas,kg,variedad,si,
119,Mango de azúcar,Mango,Frutas,kg,variedad,si,
121,Mango manzano,Mango,Frutas,kg,variedad,si,
123,Mango reina,Mango,Frutas,kg,variedad,si,
539,Mangos otros,Mango,Frutas,kg,variedad,si,
341,Manteca,Manteca,Productos procesados,kg,unico,no,
533,Manzana importada,Manzana,Frutas,kg,origen,si,
125,Manzana nacional,Manzana,Frutas,kg,origen,si,
126,Manzana roja importada,Manzana,Frutas,kg,origen,si,
127,Manzana royal gala importada,Manzana,Frutas,kg,origen,si,
128,Manzana verde importada,Manzana,Frutas,kg,origen,si,
133,Maracuyá,Maracuyá,Frutas,kg,origen,si,
129,Maracuyá antioqueño,Maracuyá,Frutas,kg,origen,no,
130,Maracuyá huilense,Maracuyá,Frutas,kg,origen,no,
131,Maracuyá santandereano,Maracuyá,Frutas,kg,origen,no,
132,Maracuyá valluno,Maracuyá,Frutas,kg,origen,no,
342,Margarina,Margarina,Productos procesados,kg,unico,si,
449,Mariscos otros,Mariscos otros,Pescados,kg,unico,no,categoria residual de abastecimiento
366,Mayonesa doy pack,Mayonesa,Productos procesados,kg,unico,si,
234,Maíz Amarillo,Maíz,Granos y cereales,kg,presentacion,si,
545,Maíz Blanco,Maíz,Granos y cereales,kg,presentacion,si,
226,Maíz amarillo cáscara,Maíz,Granos y cereales,kg,presentacion,si,
559,Maíz amarillo cáscara importado,Maíz,Granos y cereales,kg,presentacion,si,
228,Maíz amarillo trillado,Maíz,Granos y cereales,kg,presentacion,si,
229,Maíz blanco cáscara,Maíz,Granos y cereales,kg,presentacion,si,
230,Maíz blanco retrillado,Maíz,Granos y cereales,kg,presentacion,si,
231,Maíz blanco trillado,Maíz,Granos y cereales,kg,presentacion,si,
232,Maíz enlatado,Maíz,Granos y cereales,kg,presentacion,si,
233,Maíz pira,Maíz,Granos y cereales,kg,presentacion,si,
534,Melón,Melón,Frutas,kg,variedad,si,
134,Melón Cantalup,Melón,Frutas,kg,variedad,si,
285,Menudencias de pollo,Pollo,Carnes,kg,presentacion,si,
318,"Merluza, filete importado",Merluza,Pescados,kg,origen,no,
319,"Merluza, filete nacional",Merluza,Pescados,kg,origen,no,
460,Mojarra,Mojarra,Pescados,kg,presentacion,si,
321,Mojarra lora entera congelada,Mojarra,Pescados,kg,presentacion,si,
320,Mojarra lora entera fresca,Mojarra,Pescados,kg,presentacion,si,
535,Mora,Mora,Frutas,kg,unico,si,
135,Mora de Castilla,Mora,Frutas,kg,unico,si,
367,Mostaza doy pack,Mostaza,Productos procesados,kg,unico,no,
286,Muslos de pollo con rabadilla,Pollo,Carnes,kg,presentacion,si,
287,Muslos de pollo sin rabadilla,Pollo,Carnes,kg,presentacion,si,
5893,Naranja Sweet,Naranja,Frutas,kg,variedad,si,
86,Naranja Valencia,Naranja,Frutas,kg,variedad,si,
1813,Naranja Valencia y/o Sweet,Naranja,Frutas,kg,variedad,si,
85,Naranja común,Naranja,Frutas,kg,variedad,si,
527,Naranjas otras,Naranja,Frutas,kg,variedad,si,
461,Nicuro,Nicuro,Pescados,kg,presentacion,no,
322,Nicuro fresco,Nicuro,Pescados,kg,presentacion,no,
323,Palmitos de mar,Palmitos de mar,Pescados,kg,unico,no,confirmar clasificacion con el equipo (posible molusco regional)
468,Panela,Panela,Productos procesados,kg,presentacion,si,
343,Panela cuadrada blanca,Panela,Productos procesados,kg,presentacion,si,
344,Panela cuadrada morena,Panela,Productos procesados,kg,presentacion,si,
6013,Panela en pastilla,Panela,Productos procesados,kg,presentacion,si,
6640,Panela pulverizada,Panela,Productos procesados,kg,presentacion,si,
303,Panela redonda blanca,Panela,Productos procesados,kg,presentacion,si,
345,Panela redonda morena,Panela,Productos procesados,kg,presentacion,si,
5200,Papa Betina,Papa,"Tubérculos, raíces y plátanos",kg,variedad,si,
163,Papa ICA-Huila,Papa,"Tubérculos, raíces y plátanos",kg,variedad,si,
164,Papa Morasurco,Papa,"Tubérculos, raíces y plátanos",kg,variedad,si,
168,Papa Puracé,Papa,"Tubérculos, raíces y plátanos",kg,variedad,si,
543,Papa R-12,Papa,"Tubérculos, raíces y plátanos",kg,variedad,si,
169,Papa R-12 negra,Papa,"Tubérculos, raíces y plátanos",kg,variedad,si,
170,Papa R-12 roja,Papa,"Tubérculos, raíces y plátanos",kg,variedad,si,
157,Papa capira,Papa,"Tubérculos, raíces y plátanos",kg,variedad,si,
541,Papa criolla,Papa,"Tubérculos, raíces y plátanos",kg,variedad,si,
159,Papa criolla limpia,Papa,"Tubérculos, raíces y plátanos",kg,variedad,si,
161,Papa criolla sucia,Papa,"Tubérculos, raíces y plátanos",kg,variedad,si,
165,Papa nevada,Papa,"Tubérculos, raíces y plátanos",kg,variedad,si,
167,Papa parda pastusa,Papa,"Tubérculos, raíces y plátanos",kg,variedad,si,
172,Papa rubí,Papa,"Tubérculos, raíces y plátanos",kg,variedad,si,
173,Papa sabanera,Papa,"Tubérculos, raíces y plátanos",kg,variedad,si,
162,Papa superior,Papa,"Tubérculos, raíces y plátanos",kg,variedad,si,
175,Papa suprema,Papa,"Tubérculos, raíces y plátanos",kg,variedad,si,
178,Papa tocarreña,Papa,"Tubérculos, raíces y plátanos",kg,variedad,si,
179,Papa única,Papa,"Tubérculos, raíces y plátanos",kg,variedad,si,
498,Papas negras otras,Papa,"Tubérculos, raíces y plátanos",kg,variedad,si,
137,Papaya Maradol,Papaya,Frutas,kg,variedad,si,
6100,Papaya Paulina,Papaya,Frutas,kg,variedad,si,
136,Papaya hawaiana,Papaya,Frutas,kg,variedad,si,
6002,Papaya tainung,Papaya,Frutas,kg,variedad,si,
537,Papayas otras,Papaya,Frutas,kg,variedad,si,
520,Pargo rojo entero congelado,Pargo,Pescados,kg,presentacion,no,
325,Pargo rojo platero,Pargo,Pescados,kg,presentacion,no,
401,Pasabocas,Pasabocas,Productos procesados,kg,unico,no,
369,Pastas alimenticias,Pastas alimenticias,Productos procesados,kg,unico,si,
140,Patilla,Patilla,Frutas,kg,variedad,si,
183,Patilla baby,Patilla,Frutas,kg,variedad,si,
288,Pechuga de pollo,Pollo,Carnes,kg,presentacion,si,
67,Pepino cohombro,Pepino,Verduras y hortalizas,kg,variedad,si,
68,Pepino de rellenar,Pepino,Verduras y hortalizas,kg,variedad,no,
141,Pera importada,Pera,Frutas,kg,origen,si,
142,Pera nacional,Pera,Frutas,kg,origen,no,
11,Perejil,Perejil,Verduras y hortalizas,kg,unico,si,
326,Pescado cabezas,Pescado,Pescados,kg,presentacion,no,
6034,Pescado seco,Pescado seco,Pescados,kg,procesado,no,
457,Pescados de mar,Pescados de mar,Pescados,kg,unico,no,categoria residual de abastecimiento
451,Pescados de río,Pescados de río,Pescados,kg,unico,no,categoria residual de abastecimiento
289,Pierna pernil con rabadilla,Pollo,Carnes,kg,presentacion,si,
290,Pierna pernil sin rabadilla,Pollo,Carnes,kg,presentacion,si,
291,Piernas de pollo,Pollo,Carnes,kg,presentacion,si,
69,Pimentón,Pimentón,Verduras y hortalizas,kg,variedad,si,
521,Pimentón verde,Pimentón,Verduras y hortalizas,kg,variedad,si,
147,Pitahaya,Pitahaya,Frutas,kg,unico,no,
144,Piña gold,Piña,Frutas,kg,variedad,si,
145,Piña manzana,Piña,Frutas,kg,variedad,si,
146,Piña perolera,Piña,Frutas,kg,variedad,si,
538,Piñas otras,Piña,Frutas,kg,variedad,si,
180,Plátano comino,Plátano,"Tubérculos, raíces y plátanos",kg,variedad,si,
181,Plátano dominico hartón maduro,Plátano,"Tubérculos, raíces y plátanos",kg,variedad,si,
182,Plátano dominico hartón verde,Plátano,"Tubérculos, raíces y plátanos",kg,variedad,si,
184,Plátano dominico verde,Plátano,"Tubérculos, raíces y plátanos",kg,variedad,si,
185,Plátano guineo,Plátano,"Tubérculos, raíces y plátanos",kg,variedad,si,
186,Plátano hartón maduro,Plátano,"Tubérculos, raíces y plátanos",kg,variedad,si,
187,Plátano hartón verde,Plátano,"Tubérculos, raíces y plátanos",kg,variedad,si,
486,Plátano hartón verde Eje Cafetero,Plátano,"Tubérculos, raíces y plátanos",kg,variedad,si,
188,Plátano hartón verde ecuatoriano,Plátano,"Tubérculos, raíces y plátanos",kg,variedad,si,
189,Plátano hartón verde llanero,Plátano,"Tubérculos, raíces y plátanos",kg,variedad,si,
499,Plátanos otros,Plátano,"Tubérculos, raíces y plátanos",kg,variedad,si,
446,Pollo en pie,Pollo en pie,Carnes,kg,unico,no,"animal en pie, no es producto de canasta"
293,Pollo entero congelado sin vísceras,Pollo,Carnes,kg,presentacion,si,
295,Pollo entero fresco sin vísceras,Pollo,Carnes,kg,presentacion,si,
514,Procesados otros,Procesados otros,Productos procesados,kg,unico,no,categoria residual de abastecimiento
481,Productos de panaderia,Productos de panadería,Productos procesados,kg,unico,si,
522,Queso Caquetá,Queso,Huevos y lácteos,kg,variedad,si,
237,Queso campesino,Queso,Huevos y lácteos,kg,variedad,si,
238,Queso costeño,Queso,Huevos y lácteos,kg,variedad,si,
239,Queso cuajada,Queso,Huevos y lácteos,kg,variedad,si,
240,Queso doble crema,Queso,Huevos y lácteos,kg,variedad,si,
546,Quesos y cuajadas,Queso,Huevos y lácteos,kg,variedad,si,
296,Rabadillas de pollo,Pollo,Carnes,kg,presentacion,si,
71,Remolacha,Remolacha,Verduras y hortalizas,kg,origen,si,
73,Remolacha bogotana,Remolacha,Verduras y hortalizas,kg,origen,si,
75,Remolacha regional,Remolacha,Verduras y hortalizas,kg,origen,si,
524,Repollo,Repollo,Verduras y hortalizas,kg,variedad,si,
12,Repollo blanco,Repollo,Verduras y hortalizas,kg,variedad,si,
13,Repollo blanco bogotano,Repollo,Verduras y hortalizas,kg,variedad,si,
15,Repollo morado,Repollo,Verduras y hortalizas,kg,variedad,si,
17,Repollo verde,Repollo,Verduras y hortalizas,kg,variedad,si,
441,Res en pie,Res en pie,Carnes,kg,unico,no,"animal en pie, no es producto de canasta"
70,Rábano rojo,Rábano,Verduras y hortalizas,kg,unico,no,
327,"Róbalo, filete congelado",Róbalo,Pescados,kg,presentacion,no,
370,Sal yodada,Sal,Productos procesados,kg,unico,si,
328,"Salmón, filete congelado",Salmón,Pescados,kg,presentacion,no,
371,Salsa de tomate doy pack,Salsa de tomate,Productos procesados,kg,unico,si,
392,Salsas y aderezos,Salsas y aderezos,Productos procesados,kg,unico,no,categoria residual de abastecimiento
337,Sardinas en lata,Sardinas,Pescados,kg,procesado,si,
329,Sierra entera congelada,Sierra,Pescados,kg,presentacion,no,
372,Sopa de pollo (caja),Sopa de pollo,Productos procesados,kg,unico,no,
87,Tangelo,Tangelo,Frutas,kg,unico,no,
448,Tilapia,Tilapia,Pescados,kg,presentacion,si,
331,Tilapia roja entera congelada,Tilapia,Pescados,kg,presentacion,si,
332,Tilapia roja entera fresca,Tilapia,Pescados,kg,presentacion,si,
297,"Tilapia, filete congelado",Tilapia,Pescados,kg,presentacion,si,
330,"Tilapia, lomitos",Tilapia,Pescados,kg,presentacion,si,
51,Tomate Riogrande,Tomate,Verduras y hortalizas,kg,variedad,si,
52,Tomate Riogrande bumangués,Tomate,Verduras y hortalizas,kg,variedad,si,
45,Tomate chonto,Tomate,Verduras y hortalizas,kg,variedad,si,
46,Tomate chonto regional,Tomate,Verduras y hortalizas,kg,variedad,si,
148,Tomate de árbol,Tomate de árbol,Frutas,kg,unico,si,
48,Tomate larga vida,Tomate,Verduras y hortalizas,kg,variedad,si,
49,Tomate riñón,Tomate,Verduras y hortalizas,kg,variedad,si,
50,Tomate riñón valluno,Tomate,Verduras y hortalizas,kg,variedad,si,
495,Tomates otros,Tomate,Verduras y hortalizas,kg,variedad,si,categoria residual de abastecimiento
333,"Toyo blanco, filete congelado",Toyo,Pescados,kg,presentacion,no,
467,Trucha,Trucha,Pescados,kg,presentacion,si,
334,Trucha en corte mariposa,Trucha,Pescados,kg,presentacion,si,
335,Trucha entera fresca,Trucha,Pescados,kg,presentacion,si,
501,Tubérculos otros,Tubérculos otros,"Tubérculos, raíces y plátanos",kg,unico,no,categoria residual de abastecimiento
496,Uchuva,Uchuva,Frutas,kg,presentacion,no,
149,Uchuva con cáscara,Uchuva,Frutas,kg,presentacion,no,
200,Ulluco,Ulluco,"Tubérculos, raíces y plátanos",kg,unico,no,
151,Uva Isabela,Uva,Frutas,kg,variedad,si,
150,Uva importada,Uva,Frutas,kg,variedad,si,
540,Uva nacional,Uva,Frutas,kg,variedad,si,
153,Uva red globe nacional,Uva,Frutas,kg,variedad,si,
154,Uva roja,Uva,Frutas,kg,variedad,si,
155,Uva verde,Uva,Frutas,kg,variedad,si,
492,Verduras y hortalizas otras,Verduras y hortalizas otras,Verduras y hortalizas,kg,unico,no,categoria residual de abastecimiento
373,Vinagre,Vinagre,Productos procesados,litro,unico,no,
432,Yuca,Yuca,"Tubérculos, raíces y plátanos",kg,variedad,si,
193,Yuca ICA,Yuca,"Tubérculos, raíces y plátanos",kg,variedad,si,
191,Yuca chirosa,Yuca,"Tubérculos, raíces y plátanos",kg,variedad,si,
192,Yuca criolla,Yuca,"Tubérculos, raíces y plátanos",kg,variedad,si,
194,Yuca llanera,Yuca,"Tubérculos, raíces y plátanos",kg,variedad,si,
54,Zanahoria,Zanahoria,Verduras y hortalizas,kg,variedad,si,
55,Zanahoria bogotana,Zanahoria,Verduras y hortalizas,kg,variedad,si,
56,Zanahoria larga vida,Zanahoria,Verduras y hortalizas,kg,variedad,si,
156,Zapote,Zapote,Frutas,kg,unico,no,
544,Ñame,Ñame,"Tubérculos, raíces y plátanos",kg,variedad,si,
197,Ñame criollo,Ñame,"Tubérculos, raíces y plátanos",kg,variedad,si,
198,Ñame diamante,Ñame,"Tubérculos, raíces y plátanos",kg,variedad,si,
199,Ñame espino,Ñame,"Tubérculos, raíces y plátanos",kg,variedad,si,
