mercado,departamento,lat,lon
ARMENIA,Quindio,4.534,-75.681
BARRANQUILLA,Atlantico,10.964,-74.796
"BOGOTÁ, D.C.",Bogota,4.711,-74.072
BUCARAMANGA,Santander,7.119,-73.122
CALI,Valle del Cauca,3.452,-76.532
CARTAGENA DE INDIAS,Bolivar,10.391,-75.479
IBAGUÉ,Tolima,4.438,-75.232
MANIZALES,Caldas,5.070,-75.514
MEDELLÍN,Antioquia,6.244,-75.581
MONTERÍA,Cordoba,8.748,-75.881
NEIVA,Huila,2.927,-75.282
PASTO,Narino,1.214,-77.281
PEREIRA,Risaralda,4.813,-75.696
POPAYÁN,Cauca,2.444,-76.614
SAN JOSÉ DE CÚCUTA,Norte de Santander,7.894,-72.508
SANTA MARTA,Magdalena,11.241,-74.199
SINCELEJO,Sucre,9.305,-75.398
TUNJA,Boyaca,5.535,-73.367
VALLEDUPAR,Cesar,10.463,-73.253
VILLAVICENCIO,Meta,4.142,-73.627
